iter	RMSE
0	15.00784517
1	14.82869566
2	14.66465141
3	14.50387683
4	14.31483549
5	14.21695301
6	14.10578201
7	14.03854762
8	13.95258696
9	13.83573095
10	13.75245577
11	13.62268066
12	13.56620288
13	13.4924326
14	13.41526046
15	13.31113324
16	13.18295154
17	13.0865709
18	12.9367091
19	12.88117579
20	12.81618416
21	12.72672118
22	12.72037761
23	12.48433615
24	12.32368118
25	12.31967347
26	12.15412946
27	12.05670545
28	11.90489971
29	11.89487386
